"" ,"cambridge100" ,"cambridge100bis" ,"per_disc" ,"p"
"mean_subjects" ,0.525800000000000 ,0.525800000000000 ,0.525800000000000 ,0.000000000000000
"effect_subject1" ,1.000000000000000 ,1.000000000000000 ,1.000000000000000 ,0.166666666666667
"mean_motor" ,0.504400000000000 ,0.504400000000000 ,0.504400000000000 ,0.000000000000000
"mean_motor_nofisher" ,0.506600000000000 ,0.506600000000000 ,0.506600000000000 ,0.000000000000000
"mean_motor_site" ,0.564600000000000 ,0.564600000000000 ,0.564600000000000 ,0.000000000000000
"mean_subjects_site" ,0.581000000000000 ,0.581000000000000 ,0.581000000000000 ,0.000000000000000
