"" ,"cambridge100" ,"cambridge100bis" ,"per_disc" ,"p"
"mean_subjects" ,0.525600000000000 ,0.525600000000000 ,0.525600000000000 ,0.000000000000000
"effect_subject1" ,1.000000000000000 ,1.000000000000000 ,1.000000000000000 ,0.166666666666667
"mean_motor" ,0.506000000000000 ,0.506000000000000 ,0.506000000000000 ,0.000000000000000
"mean_motor_nofisher" ,0.507600000000000 ,0.507600000000000 ,0.507600000000000 ,0.000000000000000
"mean_motor_site" ,0.565100000000000 ,0.565100000000000 ,0.565100000000000 ,0.000000000000000
"mean_subjects_site" ,0.581000000000000 ,0.581000000000000 ,0.581000000000000 ,0.000000000000000
