"" ,"Dcentrality_FUS" ,"Dcentrality_MTL" ,"Dcentrality_PCC" ,"Dcentrality_PCUNm" ,"Dcentrality_aMPFC" ,"Dcentrality_dMPFC3" ,"avg_clustering" ,"clustering_FUS" ,"clustering_MTL" ,"clustering_PCC" ,"clustering_PCUNm" ,"clustering_aMPFC" ,"clustering_dMPFC3" ,"global_efficiency" ,"local_eff_FUS" ,"local_eff_MTL" ,"local_eff_PCC" ,"local_eff_PCUNm" ,"local_eff_aMPFC" ,"local_eff_dMPFC3" ,"modularity" ,"p2p_FUS_X_PCUNm" ,"p2p_FUS_X_dMPFC3" ,"p2p_MTL_X_FUS" ,"p2p_MTL_X_PCUNm" ,"p2p_MTL_X_dMPFC3" ,"p2p_PCC_X_FUS" ,"p2p_PCC_X_MTL" ,"p2p_PCC_X_PCUNm" ,"p2p_PCC_X_aMPFC" ,"p2p_PCC_X_dMPFC3" ,"p2p_PCUNm_X_dMPFC3" ,"p2p_aMPFC_X_FUS" ,"p2p_aMPFC_X_MTL" ,"p2p_aMPFC_X_PCUNm" ,"p2p_aMPFC_X_dMPFC3"
"subject1" ,1.581753242398464 ,-0.955020825599073 ,-0.134299803599870 ,-0.880409823599146 ,-0.358132809599652 ,-0.059688801599942 ,0.662536402938412 ,0.734146341463415 ,0.952380952380952 ,0.718954248366013 ,0.535714285714286 ,0.476190476190476 ,0.795321637426901 ,0.439802308802309 ,0.867073170731707 ,0.976190476190476 ,0.858387799564270 ,0.755952380952381 ,0.736507936507936 ,0.896686159844055 ,0.331557494133253 ,-0.009053021284942 ,0.715683982972530 ,-0.845227767038875 ,-0.099589048389563 ,-0.208544657564448 ,0.817966349039122 ,-0.950284878945193 ,-0.091735473662910 ,0.165710699800225 ,-0.053377852446833 ,0.233965178850317 ,-0.259898079218238 ,-0.233971033687999 ,0.634170942121510 ,-0.532685011160780
"subject2" ,-0.712864157692254 ,0.814701894505434 ,-1.440276563500676 ,0.887443135086276 ,-1.440276563500676 ,-1.440276563500676 ,0.655416043501977 ,1.000000000000000 ,0.959139784946237 ,0.000000000000000 ,0.840725806451613 ,0.000000000000000 ,0.000000000000000 ,0.245777777777778 ,1.000000000000000 ,0.979569892473118 ,0.000000000000000 ,0.920362903225806 ,0.000000000000000 ,0.000000000000000 ,0.499183756759511 ,-0.723176550984235 ,0.457315138526144 ,0.804917908139638 ,-1.229114330103200 ,0.570589819673313 ,0.667702309587201 ,0.612798694559950 ,-0.282859201533504 ,-0.097802939670541 ,0.012735455235170 ,-0.605221073055712 ,0.305457214449127 ,0.177243752107091 ,-0.226019097453032 ,0.199909241164316
