"" ,"Dcentrality_FUS" ,"Dcentrality_MTL" ,"Dcentrality_PCC" ,"Dcentrality_PCUNm" ,"Dcentrality_aMPFC" ,"Dcentrality_dMPFC3" ,"avg_clustering" ,"clustering_FUS" ,"clustering_MTL" ,"clustering_PCC" ,"clustering_PCUNm" ,"clustering_aMPFC" ,"clustering_dMPFC3" ,"global_efficiency" ,"local_eff_FUS" ,"local_eff_MTL" ,"local_eff_PCC" ,"local_eff_PCUNm" ,"local_eff_aMPFC" ,"local_eff_dMPFC3" ,"modularity" ,"p2p_FUS_X_PCUNm" ,"p2p_FUS_X_dMPFC3" ,"p2p_MTL_X_FUS" ,"p2p_MTL_X_PCUNm" ,"p2p_MTL_X_dMPFC3" ,"p2p_PCC_X_FUS" ,"p2p_PCC_X_MTL" ,"p2p_PCC_X_PCUNm" ,"p2p_PCC_X_aMPFC" ,"p2p_PCC_X_dMPFC3" ,"p2p_PCUNm_X_dMPFC3" ,"p2p_aMPFC_X_FUS" ,"p2p_aMPFC_X_MTL" ,"p2p_aMPFC_X_PCUNm" ,"p2p_aMPFC_X_dMPFC3"
"subject1" ,1.582287167558785 ,-0.955343195507191 ,-0.134345136868199 ,-0.880707008358192 ,-0.358253698315197 ,-0.059708949719200 ,0.662635001392159 ,0.735365853658537 ,0.952380952380952 ,0.718954248366013 ,0.535714285714286 ,0.476190476190476 ,0.801169590643275 ,0.439819143819144 ,0.867682926829268 ,0.976190476190476 ,0.858387799564270 ,0.755952380952381 ,0.736507936507936 ,0.899610136452242 ,0.331557494133252 ,-0.009104886989539 ,0.715671060998461 ,-0.845483957128082 ,-0.099505701145569 ,-0.208720070962604 ,0.817976815273065 ,-0.950278058578897 ,-0.091732706215161 ,0.165745832035222 ,-0.053368620356460 ,0.233908377321795 ,-0.259876341268764 ,-0.233815740745589 ,0.634154164556776 ,-0.532696798080760
"subject2" ,-0.712864157692254 ,0.814701894505434 ,-1.440276563500676 ,0.887443135086276 ,-1.440276563500676 ,-1.440276563500676 ,0.655416043501977 ,1.000000000000000 ,0.959139784946237 ,0.000000000000000 ,0.840725806451613 ,0.000000000000000 ,0.000000000000000 ,0.245777777777778 ,1.000000000000000 ,0.979569892473118 ,0.000000000000000 ,0.920362903225806 ,0.000000000000000 ,0.000000000000000 ,0.499183756759511 ,-0.723172433057929 ,0.457297227996224 ,0.804869508753508 ,-1.229169546872339 ,0.570596365220976 ,0.667686876615148 ,0.612796207115859 ,-0.282923563958420 ,-0.097725945904893 ,0.012668462152238 ,-0.605188450308332 ,0.305475478951609 ,0.177336528165500 ,-0.226091703505533 ,0.199958735853219
