"" ,"Dcentrality_FUS" ,"Dcentrality_MTL" ,"Dcentrality_PCC" ,"Dcentrality_PCUNm" ,"Dcentrality_aMPFC" ,"Dcentrality_dMPFC3" ,"avg_clustering" ,"clustering_FUS" ,"clustering_MTL" ,"clustering_PCC" ,"clustering_PCUNm" ,"clustering_aMPFC" ,"clustering_dMPFC3" ,"global_efficiency" ,"local_eff_FUS" ,"local_eff_MTL" ,"local_eff_PCC" ,"local_eff_PCUNm" ,"local_eff_aMPFC" ,"local_eff_dMPFC3" ,"modularity" ,"p2p_FUS_X_PCUNm" ,"p2p_FUS_X_dMPFC3" ,"p2p_MTL_X_FUS" ,"p2p_MTL_X_PCUNm" ,"p2p_MTL_X_dMPFC3" ,"p2p_PCC_X_FUS" ,"p2p_PCC_X_MTL" ,"p2p_PCC_X_PCUNm" ,"p2p_PCC_X_aMPFC" ,"p2p_PCC_X_dMPFC3" ,"p2p_PCUNm_X_dMPFC3" ,"p2p_aMPFC_X_FUS" ,"p2p_aMPFC_X_MTL" ,"p2p_aMPFC_X_PCUNm" ,"p2p_aMPFC_X_dMPFC3"
"subject1" ,-0.232222674484472 ,-0.619260465291925 ,-0.619260465291925 ,1.573953682616975 ,1.960991473424427 ,0.928890697937887 ,0.451013787659307 ,0.366013071895425 ,0.333333333333333 ,0.400000000000000 ,0.518145161290323 ,0.487394957983193 ,0.398860398860399 ,0.568670033670031 ,0.669934640522876 ,0.629365079365079 ,0.690476190476190 ,0.758064516129032 ,0.742296918767507 ,0.690883190883191 ,0.317281910009182 ,0.075623052212654 ,-0.081764588283190 ,-0.308522350312079 ,0.098632211925731 ,-0.259752334032900 ,-0.314487491259697 ,0.310458195300515 ,0.055701566965211 ,-0.151766020032530 ,-0.620035566455899 ,0.371469969948770 ,0.270732212524521 ,-0.151015751188889 ,0.909084670257917 ,0.221609193495055
"subject2" ,0.037314944235402 ,1.156763271297452 ,0.223889665412410 ,-2.574731152242717 ,0.223889665412410 ,0.410464386589419 ,0.372941604158641 ,0.378947368421053 ,0.464615384615385 ,0.423809523809524 ,0.333333333333333 ,0.447619047619048 ,0.337662337662338 ,0.583872053872049 ,0.678947368421053 ,0.728717948717949 ,0.707142857142857 ,0.477777777777778 ,0.723015873015873 ,0.608946608946609 ,0.283971023364961 ,0.140985351789246 ,-0.205378087914002 ,-0.395377299536844 ,-0.359167588195666 ,0.480061681989808 ,0.211488221022906 ,-0.227002594382430 ,-0.028697904132848 ,-0.443483029598717 ,-0.084009724527899 ,0.146194580340361 ,-0.361494998389673 ,0.005381806234308 ,0.121457174508051 ,0.288128710404873
