"" ,"Dcentrality_FUS" ,"Dcentrality_MTL" ,"Dcentrality_PCC" ,"Dcentrality_PCUNm" ,"Dcentrality_aMPFC" ,"Dcentrality_dMPFC3" ,"avg_clustering" ,"clustering_FUS" ,"clustering_MTL" ,"clustering_PCC" ,"clustering_PCUNm" ,"clustering_aMPFC" ,"clustering_dMPFC3" ,"global_efficiency" ,"local_eff_FUS" ,"local_eff_MTL" ,"local_eff_PCC" ,"local_eff_PCUNm" ,"local_eff_aMPFC" ,"local_eff_dMPFC3" ,"modularity" ,"p2p_FUS_X_PCUNm" ,"p2p_FUS_X_dMPFC3" ,"p2p_MTL_X_FUS" ,"p2p_MTL_X_PCUNm" ,"p2p_MTL_X_dMPFC3" ,"p2p_PCC_X_FUS" ,"p2p_PCC_X_MTL" ,"p2p_PCC_X_PCUNm" ,"p2p_PCC_X_aMPFC" ,"p2p_PCC_X_dMPFC3" ,"p2p_PCUNm_X_dMPFC3" ,"p2p_aMPFC_X_FUS" ,"p2p_aMPFC_X_MTL" ,"p2p_aMPFC_X_PCUNm" ,"p2p_aMPFC_X_dMPFC3"
"subject1" ,-0.232222674484472 ,-0.619260465291925 ,-0.619260465291925 ,1.573953682616975 ,1.960991473424427 ,0.928890697937887 ,0.451013787659307 ,0.366013071895425 ,0.333333333333333 ,0.400000000000000 ,0.518145161290323 ,0.487394957983193 ,0.398860398860399 ,0.568670033670031 ,0.669934640522876 ,0.629365079365079 ,0.690476190476190 ,0.758064516129032 ,0.742296918767507 ,0.690883190883191 ,0.317281910009182 ,0.075620280073313 ,-0.081762556983074 ,-0.308528501403482 ,0.098620418739665 ,-0.259761537483791 ,-0.314481670610577 ,0.310467526608133 ,0.055703988796797 ,-0.151769179832349 ,-0.620023467237681 ,0.371474660363283 ,0.270730771439734 ,-0.151024207085951 ,0.909081069622563 ,0.221610882728088
"subject2" ,0.634763954726003 ,1.428218898133507 ,1.031491426429755 ,0.039672747170375 ,0.436400218874127 ,0.039672747170375 ,0.374574496737090 ,0.335968379446640 ,0.447293447293447 ,0.386666666666667 ,0.294736842105263 ,0.424242424242424 ,0.352631578947368 ,0.585319865319862 ,0.644268774703557 ,0.718423551756885 ,0.690000000000000 ,0.608333333333333 ,0.707070707070707 ,0.655701754385965 ,0.299313335373941 ,0.092127033620785 ,-0.208943890532764 ,-0.363602194690146 ,0.097825005692906 ,0.477957273381099 ,0.221527733428170 ,-0.226999797956787 ,0.299593828601629 ,-0.443486866856832 ,-0.069936140587483 ,0.167987461027221 ,-0.417476341506458 ,0.005384268715990 ,-0.149310550715641 ,0.277165596024764
