"" ,"perc_overlap_mask" ,"xcorr_vol"
"subject1_session1_motor" ,1.000000000000000 ,0.458438336849213
"subject2_session1_motor" ,1.000000000000000 ,0.868045032024384
