"" ,"perc_overlap_mask" ,"xcorr_vol"
"subject1_session1_motor" ,1.000000000000000 ,0.765850663185120
"subject2_session1_motor" ,1.000000000000000 ,0.618898034095764
