"" ,"perc_overlap_mask" ,"xcorr_vol"
"subject1_session1_motor" ,1.000000000000000 ,0.680906355381012
"subject2_session1_motor" ,1.000000000000000 ,0.702043354511261
