"" ,"perc_overlap_mask" ,"xcorr_vol"
"subject1_session1_motor" ,1.000000000000000 ,0.702962398529053
"subject2_session1_motor" ,1.000000000000000 ,0.696305155754089
