"" ,"perc_overlap_mask" ,"xcorr_vol"
"subject1_session1_motor" ,1.000000000000000 ,0.814477384090424
"subject2_session1_motor" ,1.000000000000000 ,0.604423522949219
