"" ,"perc_overlap_mask" ,"xcorr_vol"
"subject1_session1_motor" ,1.000000000000000 ,0.458438247442245
"subject2_session1_motor" ,1.000000000000000 ,0.868045568466187
