"" ,"perc_overlap_mask" ,"xcorr_vol"
"subject1_session1_motor" ,1.000000000000000 ,0.821379005908966
"subject2_session1_motor" ,1.000000000000000 ,0.554584562778473
