"" ,"perc_overlap_mask" ,"xcorr_vol"
"subject1_session1_motor" ,1.000000000000000 ,0.680906236171722
"subject2_session1_motor" ,1.000000000000000 ,0.702043592929840
