"" ,"perc_overlap_mask" ,"xcorr_vol"
"subject1" ,1.000000000000000 ,0.908344864845276
"subject2" ,1.000000000000000 ,0.723673999309540
