"" ,"perc_overlap_mask" ,"xcorr_vol"
"subject1" ,1.000000000000000 ,0.872200131416321
"subject2" ,1.000000000000000 ,0.722629249095917
