"" ,"perc_overlap_mask" ,"xcorr_vol"
"subject1" ,1.000000000000000 ,0.908345103263855
"subject2" ,1.000000000000000 ,0.723674237728119
