"" ,"perc_overlap_mask" ,"xcorr_vol"
"subject1" ,1.000000000000000 ,0.865845263004303
"subject2" ,1.000000000000000 ,0.812867164611816
