"" ,"perc_overlap_mask" ,"xcorr_vol"
"subject1" ,1.000000000000000 ,0.381505817174911
"subject2" ,1.000000000000000 ,0.333025515079498
