"" ,"perc_overlap_mask" ,"xcorr_vol"
"subject1" ,1.000000000000000 ,0.865845203399658
"subject2" ,1.000000000000000 ,0.812867045402527
